source,target,weight
0,0,-44.83595218
0,1,19.07814408
0,2,25.84780811
1,0,19.07814408
1,1,-44.83595218
1,3,25.84780811
2,0,25.84780811
2,2,-40.86383738
2,3,15.11852927
3,1,25.84780811
3,2,15.11852927
3,3,-40.86383738
