source,target,weight
0,0,8.985190437
0,1,-3.815628816
0,2,-5.169561621
1,0,-3.815628816
1,1,8.985190437
1,3,-5.169561621
2,0,-5.169561621
2,2,8.193267475
2,3,-3.023705854
3,1,-5.169561621
3,2,-3.023705854
3,3,8.193267475
